{
  "page_num": 1,
  "image_width": 2550,
  "image_height": 3300,
  "created_at": "2026-02-12T11:11:26.665200+00:00",
  "blocks": [
    {
      "block_id": "20260212_7b8a231f-648d-4071-a549-b0e489b67655_1_block_028",
      "coordinates": {
        "x1": 110.18952941894531,
        "y1": 2911.480224609375,
        "x2": 2431.5458984375,
        "y2": 3049.461669921875
      },
      "layout_tag": "paragraph",
      "confidence": 0.9729645252227783,
      "reading_order": 29,
      "text": "Oracle Cloud Infrastructure 2025 Certified Generative AI Professional (Certificate); Fundamentals of Machine Learning with Scikit-learn\n(Infosys Springboard) (Certificate); Python Programming 04 (Infosys Springboard); Oracle Cloud Infrastructure 2025 Certified Data\nScience Professional (Certificate)"
    },
    {
      "block_id": "20260212_7b8a231f-648d-4071-a549-b0e489b67655_1_block_009",
      "coordinates": {
        "x1": 148.24957275390625,
        "y1": 1421.9393310546875,
        "x2": 2430.9931640625,
        "y2": 1515.616455078125
      },
      "layout_tag": "paragraph",
      "confidence": 0.971939742565155,
      "reading_order": 10,
      "text": "– Directed a 4-member engineering group to construct the Dream Job Finder application; validated UX with 200+ user tests to refine\ndiscovery workflows."
    },
    {
      "block_id": "20260212_7b8a231f-648d-4071-a549-b0e489b67655_1_block_025",
      "coordinates": {
        "x1": 148.5703582763672,
        "y1": 2619.966552734375,
        "x2": 2431.748291015625,
        "y2": 2709.5146484375
      },
      "layout_tag": "paragraph",
      "confidence": 0.9719327688217163,
      "reading_order": 26,
      "text": "– Built a regex-driven normalization pipeline with pandas to remove noisy artifacts and formatting inconsistencies, reducing noise by 85%."
    },
    {
      "block_id": "20260212_7b8a231f-648d-4071-a549-b0e489b67655_1_block_021",
      "coordinates": {
        "x1": 150.12744140625,
        "y1": 2322.63671875,
        "x2": 2432.869873046875,
        "y2": 2475.3154296875
      },
      "layout_tag": "paragraph",
      "confidence": 0.9665421843528748,
      "reading_order": 22,
      "text": "– Containerized the FastAPI inference service and automated CI/CD via GitHub Actions, reducing deployment latency to 5 minutes.\n– Evaluated transformer and classical NLP architectures through a modular experimentation framework, achieving accuracy improve-\nments of up to 12%."
    },
    {
      "block_id": "20260212_7b8a231f-648d-4071-a549-b0e489b67655_1_block_010",
      "coordinates": {
        "x1": 148.2672119140625,
        "y1": 1525.1466064453125,
        "x2": 2157.17626953125,
        "y2": 1577.7940673828125
      },
      "layout_tag": "paragraph",
      "confidence": 0.9538949131965637,
      "reading_order": 11,
      "text": "– Engineered 10+ modular React components and reusable UI primitives, accelerating frontend composition by 30%."
    },
    {
      "block_id": "20260212_7b8a231f-648d-4071-a549-b0e489b67655_1_block_024",
      "coordinates": {
        "x1": 149.3837432861328,
        "y1": 2557.97802734375,
        "x2": 2326.548583984375,
        "y2": 2608.95947265625
      },
      "layout_tag": "paragraph",
      "confidence": 0.9507370591163635,
      "reading_order": 25,
      "text": "– Processed 20,000+ WhatsApp messages to extract temporal engagement patterns, behavioral indicators, and chat dynamics."
    },
    {
      "block_id": "20260212_7b8a231f-648d-4071-a549-b0e489b67655_1_block_019",
      "coordinates": {
        "x1": 187.42259216308594,
        "y1": 2159.34033203125,
        "x2": 2429.56494140625,
        "y2": 2247.431640625
      },
      "layout_tag": "paragraph",
      "confidence": 0.9501224160194397,
      "reading_order": 20,
      "text": "Engineered an end-to-end MLOps workflow (ingestion $\\rightarrow$ preprocessing $\\rightarrow$ training $\\rightarrow$ evaluation), reducing manual orchestration by\n70%."
    },
    {
      "block_id": "20260212_7b8a231f-648d-4071-a549-b0e489b67655_1_block_020",
      "coordinates": {
        "x1": 151.37710571289062,
        "y1": 2261.4599609375,
        "x2": 2381.141845703125,
        "y2": 2312.8271484375
      },
      "layout_tag": "paragraph",
      "confidence": 0.9478244781494141,
      "reading_order": 21,
      "text": "– Orchestrated dataset and model lineage with DVC and AWS S3 remote, guaranteeing complete experiment reproducibility."
    },
    {
      "block_id": "20260212_7b8a231f-648d-4071-a549-b0e489b67655_1_block_005",
      "coordinates": {
        "x1": 113.14588165283203,
        "y1": 1244.959228515625,
        "x2": 692.1930541992188,
        "y2": 1298.0850830078125
      },
      "layout_tag": "section-title",
      "confidence": 0.9470557570457458,
      "reading_order": 6,
      "text": "INTERNSHIP EXPERIENCE"
    },
    {
      "block_id": "20260212_7b8a231f-648d-4071-a549-b0e489b67655_1_block_013",
      "coordinates": {
        "x1": 114.95991516113281,
        "y1": 1715.623291015625,
        "x2": 353.2674560546875,
        "y2": 1766.2203369140625
      },
      "layout_tag": "section-title",
      "confidence": 0.9467378854751587,
      "reading_order": 14,
      "text": "PROJECTS"
    },
    {
      "block_id": "20260212_7b8a231f-648d-4071-a549-b0e489b67655_1_block_011",
      "coordinates": {
        "x1": 149.13796997070312,
        "y1": 1585.1630859375,
        "x2": 2410.8505859375,
        "y2": 1637.5155029296875
      },
      "layout_tag": "paragraph",
      "confidence": 0.9460921883583069,
      "reading_order": 12,
      "text": "– Optimized RESTful API consumption and client-side caching patterns, increasing perceived responsiveness and reliability by 20%."
    },
    {
      "block_id": "20260212_7b8a231f-648d-4071-a549-b0e489b67655_1_block_012",
      "coordinates": {
        "x1": 148.7948455810547,
        "y1": 1646.677001953125,
        "x2": 2269.76025390625,
        "y2": 1698.1014404296875
      },
      "layout_tag": "paragraph",
      "confidence": 0.9432200789451599,
      "reading_order": 13,
      "text": "– Conducted weekly code reviews and paired programming to enforce code quality, testing discipline, and sprint completion."
    },
    {
      "block_id": "20260212_7b8a231f-648d-4071-a549-b0e489b67655_1_block_001",
      "coordinates": {
        "x1": 114.36583709716797,
        "y1": 278.701416015625,
        "x2": 386.68359375,
        "y2": 328.69049072265625
      },
      "layout_tag": "section-title",
      "confidence": 0.9431343078613281,
      "reading_order": 2,
      "text": "EDUCATION"
    },
    {
      "block_id": "20260212_7b8a231f-648d-4071-a549-b0e489b67655_1_block_023",
      "coordinates": {
        "x1": 1983.2442626953125,
        "y1": 2491.089599609375,
        "x2": 2443.236083984375,
        "y2": 2543.594482421875
      },
      "layout_tag": "paragraph",
      "confidence": 0.9311999082565308,
      "reading_order": 24,
      "text": "March 2024 – April 2024"
    },
    {
      "block_id": "20260212_7b8a231f-648d-4071-a549-b0e489b67655_1_block_008",
      "coordinates": {
        "x1": 176.06089782714844,
        "y1": 1355.4453125,
        "x2": 912.1702270507812,
        "y2": 1407.7684326171875
      },
      "layout_tag": "paragraph",
      "confidence": 0.9246252179145813,
      "reading_order": 9,
      "text": "Frontend Developer Intern | Team Lead"
    },
    {
      "block_id": "20260212_7b8a231f-648d-4071-a549-b0e489b67655_1_block_003",
      "coordinates": {
        "x1": 113.21824645996094,
        "y1": 725.4183959960938,
        "x2": 277.2194519042969,
        "y2": 776.1126098632812
      },
      "layout_tag": "section-title",
      "confidence": 0.9210593700408936,
      "reading_order": 4,
      "text": "SKILLS"
    },
    {
      "block_id": "20260212_7b8a231f-648d-4071-a549-b0e489b67655_1_block_022",
      "coordinates": {
        "x1": 175.30111694335938,
        "y1": 2491.540771484375,
        "x2": 914.645263671875,
        "y2": 2545.108642578125
      },
      "layout_tag": "paragraph",
      "confidence": 0.9182013869285583,
      "reading_order": 23,
      "text": "WhatsApp Chat Analyzer (GitHub)"
    },
    {
      "block_id": "20260212_7b8a231f-648d-4071-a549-b0e489b67655_1_block_004",
      "coordinates": {
        "x1": 95.390625,
        "y1": 778.59375,
        "x2": 2449.21875,
        "y2": 1222.67578125
      },
      "layout_tag": "unordered-list",
      "confidence": 0.9091796875,
      "reading_order": 5,
      "text": "• Programming: Python, C++,JavaScript(basics), SQL, C\n\n• Web & Datastores: HTML, CSS, Node.js (basics), Streamlit, MongoDB\n\n• Cloud & DevOps: AWS (fundamentals), Docker, GitHub Actions, ECR, EC2\n\n• Libraries & Tooling: scikit-learn, pandas, NumPy, Matplotlib, MLflow, Grafana, Git,langchain,langgraph(basics)\n\n• Concepts & Practices: Algorithmic design, Machine Learning, Deep Learning, Object-Oriented Design, MLOps pipelines,\nCI/CD automation, Model Serving"
    },
    {
      "block_id": "20260212_7b8a231f-648d-4071-a549-b0e489b67655_1_block_018",
      "coordinates": {
        "x1": 1954.26416015625,
        "y1": 2091.88330078125,
        "x2": 2445.531005859375,
        "y2": 2144.477294921875
      },
      "layout_tag": "paragraph",
      "confidence": 0.9080004692077637,
      "reading_order": 19,
      "text": "November 2025 – Ongoing"
    },
    {
      "block_id": "20260212_7b8a231f-648d-4071-a549-b0e489b67655_1_block_015",
      "coordinates": {
        "x1": 2007.02099609375,
        "y1": 1779.0771484375,
        "x2": 2441.021484375,
        "y2": 1828.972900390625
      },
      "layout_tag": "paragraph",
      "confidence": 0.9069567322731018,
      "reading_order": 16,
      "text": "October 2025 – Present"
    },
    {
      "block_id": "20260212_7b8a231f-648d-4071-a549-b0e489b67655_1_block_031",
      "coordinates": {
        "x1": 149.34710693359375,
        "y1": 3182.4521484375,
        "x2": 2303.96826171875,
        "y2": 3234.066162109375
      },
      "layout_tag": "paragraph",
      "confidence": 0.9050570130348206,
      "reading_order": 32,
      "text": "– Solved 125+ GeeksforGeeks problems with a sustained practice cadence to improve pattern recognition and solution design."
    },
    {
      "block_id": "20260212_7b8a231f-648d-4071-a549-b0e489b67655_1_block_007",
      "coordinates": {
        "x1": 1984.4158935546875,
        "y1": 1308.834228515625,
        "x2": 2443.851318359375,
        "y2": 1361.7755126953125
      },
      "layout_tag": "paragraph",
      "confidence": 0.8970935940742493,
      "reading_order": 8,
      "text": "July 2025 – August 2025"
    },
    {
      "block_id": "20260212_7b8a231f-648d-4071-a549-b0e489b67655_1_block_016",
      "coordinates": {
        "x1": 133.41796875,
        "y1": 1839.4921875,
        "x2": 2449.21875,
        "y2": 2089.5703125
      },
      "layout_tag": "unordered-list",
      "confidence": 0.88330078125,
      "reading_order": 17,
      "text": "– Developed an **Agentic AI chatbot** using LangGraph with state-based execution for controlled multi-step conversation flow.\n– Implemented a **Resume Chat feature** allowing users to query and interact with resume data through structured agent workflows.\n– Integrated **SQLite** for persistent storage of conversation state, user sessions, and chat history.\n– Enabled **real-time streaming responses** from the LLM, improving user experience and perceived latency."
    },
    {
      "block_id": "20260212_7b8a231f-648d-4071-a549-b0e489b67655_1_block_030",
      "coordinates": {
        "x1": 191.814697265625,
        "y1": 3122.26123046875,
        "x2": 2197.9404296875,
        "y2": 3174.079345703125
      },
      "layout_tag": "paragraph",
      "confidence": 0.8817728161811829,
      "reading_order": 31,
      "text": "Solved 500+ LeetCode problems (top 15% globally), demonstrating algorithmic reasoning and data-structure fluency."
    },
    {
      "block_id": "20260212_7b8a231f-648d-4071-a549-b0e489b67655_1_block_029",
      "coordinates": {
        "x1": 117.5004653930664,
        "y1": 3058.310302734375,
        "x2": 474.5101013183594,
        "y2": 3107.390625
      },
      "layout_tag": "section-title",
      "confidence": 0.8656858205795288,
      "reading_order": 30,
      "text": "ACHIEVEMENTS"
    },
    {
      "block_id": "20260212_7b8a231f-648d-4071-a549-b0e489b67655_1_block_017",
      "coordinates": {
        "x1": 173.017333984375,
        "y1": 2091.072265625,
        "x2": 1078.0946044921875,
        "y2": 2143.37451171875
      },
      "layout_tag": "paragraph",
      "confidence": 0.8372684121131897,
      "reading_order": 18,
      "text": "Sentiment Analysis Using MLOps (GitHub)"
    },
    {
      "block_id": "20260212_7b8a231f-648d-4071-a549-b0e489b67655_1_block_014",
      "coordinates": {
        "x1": 171.66734313964844,
        "y1": 1779.275634765625,
        "x2": 1166.7052001953125,
        "y2": 1832.1324462890625
      },
      "layout_tag": "paragraph",
      "confidence": 0.8310930728912354,
      "reading_order": 15,
      "text": "Agentic AI Chatbot using LangGraph (GitHub)"
    },
    {
      "block_id": "20260212_7b8a231f-648d-4071-a549-b0e489b67655_1_block_006",
      "coordinates": {
        "x1": 174.28759765625,
        "y1": 1309.3564453125,
        "x2": 274.4577941894531,
        "y2": 1355.2430419921875
      },
      "layout_tag": "section-title",
      "confidence": 0.8225212693214417,
      "reading_order": 7,
      "text": "IBM"
    },
    {
      "block_id": "20260212_7b8a231f-648d-4071-a549-b0e489b67655_1_block_027",
      "coordinates": {
        "x1": 114.26486206054688,
        "y1": 2851.63916015625,
        "x2": 492.1888122558594,
        "y2": 2903.47509765625
      },
      "layout_tag": "section-title",
      "confidence": 0.716408908367157,
      "reading_order": 28,
      "text": "CERTIFICATIONS"
    },
    {
      "block_id": "20260212_7b8a231f-648d-4071-a549-b0e489b67655_1_block_026",
      "coordinates": {
        "x1": 146.6038055419922,
        "y1": 2719.468994140625,
        "x2": 2423.79541015625,
        "y2": 2831.232177734375
      },
      "layout_tag": "paragraph",
      "confidence": 0.5589669346809387,
      "reading_order": 27,
      "text": "– Synthesized analytical visualizations with Matplotlib, highlighting peak activity windows, emoji distributions, and temporal trends.\n– Compiled an interactive insights dossier that surfaced activity bursts, sentiment signals, and conversational flow metrics."
    },
    {
      "block_id": "20260212_7b8a231f-648d-4071-a549-b0e489b67655_1_block_002",
      "coordinates": {
        "x1": 171.8974609375,
        "y1": 326.89208984375,
        "x2": 2447.464599609375,
        "y2": 716.8764038085938
      },
      "layout_tag": "table",
      "confidence": 0.5381412506103516,
      "reading_order": 3,
      "text": "<table>\n<tbody>\n<tr>\n<td>Ajay Kumar Garg Engineering College, Ghaziabad<br/>B.Tech in Information Technology, CGPA: 8.59</td>\n<td>2022 – 2026<br/>Top 5% of the Branch</td>\n</tr>\n<tr>\n<td>Kusum Devi Saraswati Vidya Mandir SherpurBalla, Bijnor<br/>Class XII (UP Board), Percentage: 89%</td>\n<td>2020 – 2022<br/>PCM</td>\n</tr>\n<tr>\n<td>Kusum Devi Saraswati Vidya Mandir SherpurBalla, Bijnor<br/>Class X (UP Board), Percentage: 85.5%</td>\n<td>2018 – 2020</td>\n</tr>\n</tbody>\n</table>"
    },
    {
      "block_id": "20260212_7b8a231f-648d-4071-a549-b0e489b67655_1_block_000",
      "coordinates": {
        "x1": 299.70703125,
        "y1": 2.376708984375,
        "x2": 2227.5,
        "y2": 267.158203125
      },
      "layout_tag": "header",
      "confidence": 0.33642578125,
      "reading_order": 1,
      "text": "LUCKY CHAUHAN\nBijnor, Uttar Pradesh\nluckymilak243@gmail.com | +91-7300541487 | LinkedIn | GitHub | LeetCode | GeeksforGeeks"
    }
  ]
}